<?xml version="1.0" encoding="utf-8"?>
<feed xmlns="http://www.w3.org/2005/Atom">
<generator uri="http://jekyllrb.com" version="2.4.0">Jekyll</generator>
<link href="http://127.0.0.1:4000/index.html/feed.xml" rel="self" type="application/atom+xml" />
<link href="http://127.0.0.1:4000/index.html/" rel="alternate" type="text/html" />
<updated>2016-12-23T11:50:04+01:00</updated>
<id>http://127.0.0.1:4000/index.html/</id>
<subtitle>New Media Design &amp; Development I at Artevelde University College Ghent</subtitle>
<author>
<name>Xenia Tranchet &amp; Jitske Segers</name>
</author>
</feed>
